frame_index,byte_offset,message_valid,errors,message_seq,timestamp,target_id,callsign,lat,lon,altitude,alt_type,on_ground,speed,heading,vertical_rate,status_flags,validity_flags,timestamp_source
1,0,True,[],1,1710000060,000001,TEST0001,2.1457677235048322e-05,4.2915354470096645e-05,0,baro,True,0.0,0.0,0.0,1,127,position_time
2,41,True,[],2,1710000090,000001,TEST0001,0.010020735268767567,0.009999277591532518,10,baro,False,10.0,45.0,0.0,0,127,position_time
3,82,True,[],3,1710000120,000001,TEST0001,0.020020012860300085,0.020041470537535133,20,baro,False,20.0,90.0,0.0,0,127,position_time
4,123,True,[],4,1710000060,780abc,CES1234,31.230383212657742,121.47367035714876,9800,baro,False,230.5,86.0,0.0,0,127,position_time
5,164,True,[],5,1710000090,780abc,CES1234,31.240382490249274,121.48371255009476,9850,baro,False,231.0,87.0,1.0,0,127,position_time
6,205,True,[],6,1710000120,780abc,CES1234,31.250381767840807,121.49366891233183,9900,baro,False,231.5,88.0,1.5,0,127,position_time
7,246,True,[],7,1710000060,780def,,30.27410036900052,120.1551390064094,7500,geo,False,,270.0,-1.1999999999999886,6,55,last_contact
8,287,True,[],8,1710000090,780def,,30.26410109140899,120.1450968134634,7450,geo,False,,269.0,-1.0,2,55,position_time
9,328,True,[],9,1710000120,780def,,,,7400,geo,False,,268.0,-0.8000000000000114,2,52,position_time
